status_id,Post Description,Date of Published,No. of Reactions,No. of comments,No. of shares,No. of likes,No. of loves,No. of wows,No. of hahas,No. of sads,No. of angrys,No. of Specials
274699336557_10157342742411558,En ACTIE! Wil jij volgend jaar deel uitmaken van de Genkie Redactie ? Maak een cool filmpje en schrijf je nu in! ğŸ”µâšªï¸ğŸ‘ #krcgenk #samengenk,2019-07-31 03:00:00,39,3,0,37,1,0,0,1,0,-36
274699336557_10157340995281558,"Benjamin Nygren heeft het seizoen ingezet met een knaller! Maar ga ook jij dit seizoen VOLLE BAK voor KRC Genk? Koop je abo nu, 19 wedstrijden vanaf â‚¬190! Forza Racing! ğŸ”µâšªï¸ğŸ¤˜ğŸ’ªğŸ¥‡ #krcgenk #samengenk",2019-07-30 10:00:02,178,10,1,171,7,0,0,0,0,-168
274699336557_10157340756371558,Come back stronger big man! ğŸ’ªğŸ’ªğŸ’™ğŸ’™ #krcgenk #samengenk,2019-07-30 07:57:49,516,71,14,256,22,20,0,216,2,-445
274699336557_10157340287906558,Het droomdebuut van Ianis Hagi was jullie Moment van de match! Geniet nog eens van zijn heerlijke binnenkomer! ğŸ’™ğŸ’™ğŸ’™ğŸ‘ŒğŸ‘Œ #krcgenk #samengenk,2019-07-30 05:00:00,505,14,15,417,86,2,0,0,0,-491
274699336557_10157340310736558,Wil jij mee naar KV Mechelen zaterdag? Hieronder alle ticketinfo! ğŸ”µâšªï¸ğŸ”µâšªï¸ #krcgenk #samengenk,2019-07-30 02:53:13,82,6,3,71,10,1,0,0,0,-76
274699336557_10157337800931558,Kies je moment van afgelopen vrijdag! Like de foto die je kippenvel bezorgde en ontdek morgen jullie moment van de match! ğŸ”µâšªï¸ğŸ’™ğŸ‘ğŸ‘ #krcgenk #samengenk,2019-07-29 09:00:01,165,1,4,149,15,1,0,0,0,-164
274699336557_10157337611461558,"Supporters, de eerste speeldag is afgerond. Op naar de volgende 3 punten tegen KV Mechelen. 
 ğŸ”µâšªï¸ğŸ‘Š #krcgenk #samengenk",2019-07-29 05:01:36,401,9,8,368,33,0,0,0,0,-392
274699336557_10157334991191558,De eerste 3 punten zijn binnen. In een moeilijke wedstrijd tegen KV Kortrijk zorgden nieuwkomers Hagi en Nygren ervoor dat we een 0-1 achterstand ombogen naar 2-1 winst. FORZA RACING ğŸ’™ğŸ’ªğŸ‘Š#samengenk#krcgenk,2019-07-28 09:00:38,156,3,6,135,21,0,0,0,0,-153
274699336557_10157331385441558,De eerste 3 punten zijn binnen. In een moeilijke wedstrijd tegen KV Kortrijk zorgden nieuwkomers Hagi en Nygren ervoor dat we een 0-1 achterstand ombogen naar 2-1 winst. FORZA RACING ğŸ’™ğŸ’ªğŸ‘Š#samengenk#krcgenk,2019-07-27 05:00:00,565,21,19,485,80,0,0,0,0,-544
274699336557_10157332217546558,Ianis Hagi was jullie Man of the match tegen KV Kortrijk! Congrats Ianis & keep up the good work! ğŸ’™ğŸ’™ğŸ’™ğŸ’ªğŸ‘ŒWil je ook mee stemmen? Download onze KRC Genk app! #krcgenk #samengenk,2019-07-27 03:00:04,1469,105,35,1246,215,8,0,0,0,-1364
274699336557_10157331212756558,"De training vandaag is geschrapt, extra dagje rust voor de spelers. ğŸ’™ğŸ™Œ #krcgenk #samengenk",2019-07-27 00:00:00,180,6,2,167,13,0,0,0,0,-174
274699336557_10157331059816558,"De eerste driepunter is een feit. We beginnen goed. Bedankt supporters, jullie waren opnieuw een echte twaalfde man. Het wedstrijdverslag met foto's staat hier beneden. #krcgnk #samengenk
https://www.krcgenk.be/nl/nieuws/3625/de-eerste-winst-is-een-feit-2-1-tegen-kv-kortrijk",2019-07-26 16:59:00,631,28,10,539,89,2,1,0,0,-603
274699336557_10157330938761558,Missie volbracht. We winnen met 2-1 tegen Kortrijk en staan op kop in het klassement ğŸ˜ Nieuwkomers Nygren en Hagi scoorden de Genkse doelpuntenğŸ’™ğŸ’ª #krcgenk #gnkkvk #samengenk,2019-07-26 15:24:49,1362,65,74,1136,222,1,2,1,0,-1297
274699336557_10157330922866558,Piotrowski komt Ito vervangen. Komaan Jacub!  ğŸ’™ğŸ’ª #krcgenk #gnkkvk #samengenk,2019-07-26 15:17:31,127,2,0,120,7,0,0,0,0,-125
274699336557_10157330896446558,"2-1 , Iiiiiiaaaaniiiiiisssss HAGI !!!!! Forza Ianis ! ğŸ’ªğŸ‘ğŸ’™ #krcgenk #gnkkvk #samengenk",2019-07-26 15:04:01,1580,86,158,1206,361,11,2,0,0,-1494
274699336557_10157330891021558,Ianis Hagi komt Benjamin Nygren vervangen! Come on Ianis! ğŸ’ªğŸ‘ğŸ’™ #krcgenk #gnkkvk #samengenk,2019-07-26 15:00:34,322,30,4,273,47,2,0,0,0,-292
274699336557_10157330865611558,Come on Joseph! ğŸ’ªğŸ‘ğŸ’™ #krcgenk #gnkkvk #samengenk,2019-07-26 14:50:37,117,6,0,108,6,3,0,0,0,-111
274699336557_10157330838136558,Benjamin Nygren scoort de gelijkmaker: 1-1  FORZA RACING ğŸ’ªğŸ‘ğŸ’™ #krcgenk #gnkkvk #samengenk,2019-07-26 14:37:47,466,23,17,392,72,1,0,0,1,-443
274699336557_10157330822661558,De tweede helft is begonnen. Forza Racing! ğŸ’ªğŸ‘ğŸ’™ #krcgenk #gnkkvk #samengenk,2019-07-26 14:31:07,88,5,1,87,0,1,0,0,0,-83
274699336557_10157330785901558,We gaan rusten met een 0-1 achterstand tegen Kortrijk.  ğŸ’ªğŸ‘ğŸ’™ #krcgenk #gnkkvk #samengenk,2019-07-26 14:16:26,182,43,7,134,1,6,1,24,16,-139
274699336557_10157330711281558,"We komen op achterstand. 0-1 : De Sart , Komaan jongens! ğŸ’ªğŸ’ª #krcgenk #samengenk",2019-07-26 13:48:59,168,43,2,137,0,10,1,15,5,-125
274699336557_10157330677106558,De aftrap is gegeven in de eerste competitiewedstrijd van seizoen 2019-2020. Komaan jongens! Forza Racing! ğŸ’ªğŸ‘ğŸ’™ #krcgenk #gnkkvk #samengenk,2019-07-26 13:30:04,212,17,3,190,22,0,0,0,0,-195
274699336557_10157330511731558,Deze jongens geven de aftrap van onze eerste competitiewedstrijd! ğŸ”µâšªï¸ğŸ‘ŠğŸ¤™#krcgenk #gnkkvk #samengenk,2019-07-26 12:14:28,886,57,25,803,73,2,0,5,3,-829
274699336557_10157330237386558,Succes Dante! ğŸ’ªğŸ’™ #krcgenk #samengenk,2019-07-26 09:59:43,427,68,13,290,3,8,3,67,56,-359
274699336557_10157330007671558,"Danny Vukovic heeft alvast geen last van de warmte â˜€ï¸â˜€ï¸ ""Enorm veel zin om aan het nieuwe seizoen te beginnen en opnieuw mooie momenten te creÃ«ren! "" KNALLEN MAAR!! ğŸ’™ğŸ’ªğŸ‘Š#krcgenk #gnkkvk #samengenk",2019-07-26 08:00:01,204,7,5,175,29,0,0,0,0,-197
274699336557_10157329637641558,"Kom op tijd straks en vergeet geen extra pintje, frisdrank of watertje te drinken! Fooooorza RACING!! ğŸŒğŸ”¥ğŸ˜…ğŸ’™ #krcgenk #samengenk",2019-07-26 04:00:00,135,11,2,132,3,0,0,0,0,-124
274699336557_10157329559246558,Straks staat de eerste wedstrijd in de JPL op het programma tegen KV Kortrijk. Forza Racing! ğŸ’ªğŸ‘ŠğŸ”µâšªï¸ #krcgenk #gnkkvk #samengenk,2019-07-26 02:00:04,652,21,47,597,55,0,0,0,0,-631
274699336557_10157327481331558,"""De warmte zal zeker een rol spelen, we moeten er op inspelen en slim zijn"" - Felice Mazzu is klaar voor de eerste competitiewedstrijd tegen @KV Kortrijk. Morgen afspraak in de Luminus Arena? ğŸ’™ğŸ’ªğŸ‘ŠğŸ¤™#krcgenk #gnkkvk #samengenk",2019-07-25 10:00:01,207,6,7,192,15,0,0,0,0,-201
274699336557_10157327145806558,Ontdek hier de 21-koppige selectie voor de wedstrijd tegen KV Kortrijk! Deze jongens zullen de strijd aangaan om de eerste driepunter binnen te halen! ğŸ’™ğŸ’ªğŸ’ª #krcgenk #samengenk,2019-07-25 06:24:36,665,47,16,601,63,1,0,0,0,-618
274699336557_10157319521661558,Word jij ook GENKIE? Er staat weer een heleboel te beleven voor de jongste KRC Genk supporters dit seizoen! ğŸ”µâšªï¸ğŸ¥³ğŸ‰ #krcgenk #samengenk,2019-07-25 04:00:00,48,5,0,48,0,0,0,0,0,-43
274699336557_10157326798396558,Trap je morgen mee het seizoen af thuis tegen KV Kortrijk? Vanaf 10u kan je tickets kopen! ğŸ™ŒğŸ’ª #krcgenk #samengenk,2019-07-25 02:05:41,48,4,2,48,0,0,0,0,0,-44
274699336557_10157321763551558,De tattoo ğŸ†van SÃ©ba al gezien? Vrijdag staat de eerste wedstrijd van de JPL op het programma tegen KV Kortrijk. Deel deze video massaal en maak kans op 1 van de 3 gesigneerde shirts van onze kapitein! FORZA RACING! ğŸ’™ #krcgenk #samengenk,2019-07-24 11:00:00,111,14,74,88,23,0,0,0,0,-97
274699336557_10157324776191558,Volle bak voor KRC Genk in de FRZA! Fanzone! Kom genieten van DJ SeÃ±or Funk onder een stralende zon en knal samen met ons het nieuwe seizoen in! Kom op tijd en misschien scoor jij wel een coole KRC Genk zonnebril in de FRZA! Fanzone. ğŸ”µâšªï¸ğŸ‘ŒğŸ˜ğŸŸğŸ» #krcgenk #samengenk,2019-07-24 08:59:33,129,4,1,124,4,0,1,0,0,-125
274699336557_10157324572206558,Klaar voor de aftrap van de Jupiler Pro League? Nog 2 nachtjes slapen ğŸ˜‰ğŸ™ŒğŸ’™ğŸ˜ƒ #krcgenk #samengenk,2019-07-24 07:01:06,205,9,11,184,21,0,0,0,0,-196
274699336557_10157321501636558,"Vrijdag beginnen we aan het nieuwe seizoen. Al 17300 supporters kochten of verlengden hun abonnement. Ga ook jij dit seizoen VOLLE BAK voor KRC Genk? Koop je abo nu, 20 wedstrijden vanaf â‚¬190! Forza Racing! ğŸ”µâšªï¸ğŸ¤˜ğŸ’ªğŸ¥‡ #krcgenk #samengenk",2019-07-24 05:00:38,166,9,11,140,26,0,0,0,0,-157
274699336557_10157324315976558,Laat ons hieronder weten waar jij komende vrijdag zit in de Luminus Arena en wie weet neem jij deel aan de 'Fan of the Match' actie! Uit alle reacties trekken we twee deelnemers. Zij krijgen een berichtje via Facebook! Inschrijven maar! ğŸ”µ âšª ğŸ¤ ğŸ¤ #krcgenk #samengenk,2019-07-24 03:58:35,178,238,8,168,10,0,0,0,0,60
274699336557_10157321498351558,En ACTIE! Wil jij volgend jaar deel uitmaken van de Genkie Redacie ? Maak een cool filmpje en schrijf je nu in! ğŸ”µâšªï¸ğŸ‘ #krcgenk #samengenk,2019-07-24 02:00:00,39,2,1,39,0,0,0,0,0,-37
274699336557_10157321856271558,De tatoo ğŸ†van SÃ©ba al gezien? Vrijdag staat de eerste wedstrijd van de JPL op het programma tegen KV Kortrijk. Deel deze video massaal en maak kans op 1 van de 3 gesigneerde shirts van onze kapitein! FORZA RACING! ğŸ’™ #krcgenk #samengenk,2019-07-23 09:03:20,544,59,465,437,104,2,1,0,0,-485
274699336557_10157321728321558,Collega gezocht!! ğŸ˜‰ğŸ’™ #krcgenk #samengenk,2019-07-23 08:00:01,123,63,16,116,7,0,0,0,0,-60
274699336557_10157321498851558,"Het FANWEEKEND was FANTASTISCH! Zon, Muziek, Ambiance, Sport en Voetbal ! Zijn jullie er volgend jaar opnieuw bij ? ğŸ”µâšªï¸ğŸ‘ŠğŸ¤™#krcgenk #samengenk",2019-07-23 05:00:16,71,0,2,64,7,0,0,0,0,-71
274699336557_10157321635871558,De beste plekjes in de Luminus Arena houden we nog even bezet voor de abonnementenverkoop. Vanaf donderdag kan je tickets kopen voor KRC Genk - KV Kortrijk. ğŸ˜‰ğŸ™Œ #krcgenk #samengenk,2019-07-23 04:03:16,81,16,1,79,1,0,0,0,1,-65
274699336557_10157321497021558,Word jij ook GENKIE? Er staat weer een heleboel te beleven voor de jongste KRC Genk supporters dit seizoen! ğŸ”µâšªï¸ğŸ¥³ğŸ‰ #krcgenk #samengenk,2019-07-23 01:52:08,44,0,0,41,3,0,0,0,0,-44
274699336557_10157319708371558,"Het FANWEEKEND was FANTASTISCH! Zon, Muziek, Ambiance, Sport en Voetbal ! Zijn jullie er volgend jaar opnieuw bij ? ğŸ”µâšªï¸ğŸ‘ŠğŸ¤™#krcgenk #samengenk",2019-07-22 11:00:01,277,17,15,244,33,0,0,0,0,-260
274699336557_10157319567386558,SÃ©ba Dewaest was Man of the Match in de Supercup! Like als je onze kapitein proficiat wil wensen!  ğŸ‘ğŸ‘ğŸ‘ğŸ†ğŸ’™ #krcgenk #samengenk,2019-07-22 09:02:24,633,12,10,568,65,0,0,0,0,-621
274699336557_10157319387316558,"We zijn al met 17.300 abonnees!! Taggen maar, die Genkies die nog geen abonnement hebben. ğŸ˜‰ğŸ™ŒğŸ’™ğŸ‘ #krcgenk #samengenk",2019-07-22 07:25:30,269,114,8,246,19,4,0,0,0,-155
274699336557_10157319156216558,Full focus op de start van het seizoen. Deze week enkel op zaterdag open training! ğŸ’™ğŸ’ª #krcgenk #samengenk,2019-07-22 05:20:09,84,0,2,79,2,2,1,0,0,-84
274699336557_10157318927611558,"Met een PRACHTIGE tifo werd ""clubheld pur sang"" Thomas Buffel gisteren in de bloemetjes gezet. Veel bekende gezichten zorgden voor een mooi afscheid. Thomas is een RACING BOY! ğŸ’™ğŸ’ªğŸ‘#krcgenk #samengenk",2019-07-22 01:59:27,215,2,7,171,44,0,0,0,0,-213
274699336557_10157317183486558,Einde wedstrijd. Westerlo wint met 2 - 1. #krcgenk #samengenk #wesgnk,2019-07-21 10:56:51,318,26,2,265,4,25,14,9,1,-292
274699336557_10157316772066558,"Na de schitterende overwinning van zaterdagavond en de daarbij horende Supercup beginnen we de wedstrijd in Westerlo met een volledig andere ploeg. Coucke, Nastic, Wouters, Paintsil, Nygren, Vanzeir, Hagi, Khamma, Lucumi, Adewoye en Ndongala. #krcgenk #samengenk #wesgnk",2019-07-21 08:26:07,624,32,8,573,50,1,0,0,0,-592
274699336557_10157315378861558,"Met een PRACHTIGE tifo werd ""clubheld pur sang"" Thomas Buffel gisteren in de bloemetjes gezet. Veel bekende gezichten zorgden voor een mooi afscheid. Thomas is een RACING BOY! ğŸ’™ğŸ’ªğŸ‘#krcgenk #samengenk",2019-07-21 07:00:01,571,7,51,451,120,0,0,0,0,-564
274699336557_10157310442121558,Je kan nog tot vanavond 19u bieden op je favoriete shirt uit de Thomas Buffel Legends Game! ğŸ’ªğŸ‘ğŸ’™ #krcgenk #samengenk,2019-07-21 05:00:01,51,1,1,51,0,0,0,0,0,-50
274699336557_10157315371906558,De Supercup is binnen! Deze trofee is hopelijk het begin van een mooi jaar! We haalden de doelpuntenmakers SÃ©ba Dewaest en Dante Vanzeir voor de camera. ğŸ’™ğŸ†ğŸ‘#krcgenk #supercup #samengenk,2019-07-21 04:00:00,533,7,34,458,74,1,0,0,0,-526
274699336557_10157310439466558,"Straks spelen we onze laatste oefenwedstrijd voor de start van de Jupiler Pro League. We trekken naar 't Kuipje voor een wedstrijd tegen KVC Westerlo, alle info hier! ğŸ”µâšªï¸ğŸ’ª #krcgenk #samengenk",2019-07-21 02:00:00,114,5,3,109,5,0,0,0,0,-109
274699336557_10157315236366558,"Tien prijzen sinds onze oprichting : dat is KRC Genk. Vier titels, vier bekers en vandaag onze tweede Supercup na 3 - 0 winst tegen KV Mechelen. #krcgenk #samengenk",2019-07-20 16:59:00,891,26,40,746,145,0,0,0,0,-865
274699336557_10157315057651558,"We pakken na een prima wedstrijd onze tiende prijs in onze clubgeschiedenis! De ideale afsluiter van een prachtig weekend, geniet van de derde helft! Bedankt supporters! ğŸ’ª #krcgenk #gnkkvm #samengenk",2019-07-20 15:21:34,855,25,55,707,146,0,1,0,1,-830
274699336557_10157315033376558,Na een fantastische run legt ook Dante zijn doelpuntje bij in het mandje! ğŸ’ªğŸ’ª #krcgenk #gnkkvm #samengenk,2019-07-20 15:12:36,503,34,21,430,71,1,1,0,0,-469
274699336557_10157315009701558,76': Ook Ndongala valt nog in voor Ito. Komaan Didi! ğŸ‘ŠğŸ’ª #krcgenk #gnkkvm #samengenk,2019-07-20 15:03:26,90,6,0,90,0,0,0,0,0,-84
274699336557_10157314991026558,71': Dante Vanzeir valt in voor Ally Samatta. Komaan Dante! ğŸ’ªğŸ‘Š #krcgenk #gnkkvm #samengenk,2019-07-20 14:58:21,80,2,0,75,2,0,1,0,2,-78
274699336557_10157314974966558,63': Aanwinst Benjamin Nygren maakt zijn eerste officiÃ«le minuten voor KRC Genk en komt Piotrowski vervangen! Komaan Benjamin! ğŸ’ªğŸ‘ğŸ”µâšªï¸ #krcgenk #gnkkvm #samengenk,2019-07-20 14:50:01,77,4,0,75,2,0,0,0,0,-73
274699336557_10157314972241558,Onze kapitein doet het opnieuw! Dit maal een kopstoot in de verre hoek! ğŸ’ªğŸ’ª #krcgenk #gnkkvm #samengenk,2019-07-20 14:49:00,319,9,16,262,57,0,0,0,0,-310
274699336557_10157314931836558,Aftrap tweede helft! Komaan mannen! ğŸ’ª #krcgenk #gnkkvm #samengenk,2019-07-20 14:32:20,117,8,3,110,7,0,0,0,0,-109
274699336557_10157314895071558,Rusten geblazen in de Luminus Arena met een 1-0 voorsprong! ğŸ’ª #krcgenk #gnkkvm #samengenk,2019-07-20 14:17:34,363,9,7,320,43,0,0,0,0,-354
274699336557_10157314831021558,Onze kersverse kapitein schiet ons op een 1-0 voorsprong! ğŸ’ªğŸ’ª #krcgenk #gnkkvm #samengenk,2019-07-20 13:47:11,435,10,16,361,73,0,1,0,0,-425
274699336557_10157314795501558,We zijn eraan begonnen! Forza Racing! ğŸ’ª #krcgenk #gnkkvm #samengenk,2019-07-20 13:31:05,278,7,4,258,20,0,0,0,0,-271
274699336557_10157314717906558,Deze 11 mannen strijden vanavond voor de tiende prijs in onze clubgeschiedenis! Komaan Racing! ğŸ‘ŠğŸ’ª #krcgenk #gnkkvm #samengenk,2019-07-20 12:50:57,979,53,18,902,75,2,0,0,0,-926
274699336557_10157314702056558,"Deze fantastische wedstrijd zit erop! Bedankt aan alle spelers, TRIBUNE ZUID en natuurlijk aan onze ere-kapitein Thomas Buffel! ğŸ’™ğŸ’™ğŸ’™ #krcgenk #samengenk",2019-07-20 12:41:09,1151,7,32,987,163,0,1,0,0,-1144
274699336557_10157314525056558,Proficiat OSV en proficiat Racing 90!! ğŸ’ªğŸ‘ğŸ”µâšªï¸ #krcgenk #samengenk,2019-07-20 11:23:23,295,18,8,272,22,0,0,0,1,-277
274699336557_10157314210656558,De Tony Greco Cup was weer een schitterend supporterstornooi. Bedankt OSV Krc Genk voor de organisatie! Straks om 17u30 de finale in de Luminus Arena! Be there!! ğŸ‘ğŸ‘ğŸ’™ğŸ’™#krcgenk #samengenk,2019-07-20 09:17:36,133,2,0,124,9,0,0,0,0,-131
274699336557_10157310423481558,"Vanaf 17u opent het fandorp voor het stadion! Je kan ook nog tickets kopen voor de Supercup aan de loketten, allen naar de Luminus Arena! ğŸ”µâšªï¸ğŸ’ª #krcgenk #samengenk",2019-07-20 07:00:00,100,8,0,93,7,0,0,0,0,-92
274699336557_10157313801086558,"Vanavond trappen we het nieuwe seizoen af met de Supercup! We kunnen onze 10e prijs in de clubgeschiedenis winnen. Supporters, laat jullie horen!! ğŸ’ªğŸ‘ŠğŸ”µâšªï¸ #krcgenk #samengenk",2019-07-20 04:59:02,663,21,33,579,84,0,0,0,0,-642
274699336557_10157313642986558,Straks komt ere-kapitein Thomas Buffel naar de Luminus Arena! Hij speelt samen met zijn vrienden de 'Thomas Buffel Charity Legends Game'! Iedereen op post in het stadion! ğŸ’ªğŸ’™ #krcgenk #samengenk,2019-07-20 03:00:03,595,13,23,503,91,0,1,0,0,-582
274699336557_10157310422541558,Om 10u gaat de Tony Greco Cup van OSV Krc Genk van start! Iedereen is welkom om zijn medesupporters aan te moedigen in het supporterstornooi van het jaar! ğŸ”µâšªï¸ğŸ’ªğŸ‘ #krcgenk #samengenk,2019-07-20 01:00:01,162,2,0,154,8,0,0,0,0,-160
274699336557_10157312156451558,Wat een topdag! En morgen nog van dat! Fotoalbum in nieuwsbericht! ğŸ˜‰ğŸ’ªğŸ‘ğŸ’™ #krcgenk #samengenk,2019-07-19 14:53:05,523,27,21,463,59,1,0,0,0,-496
274699336557_10157311310036558,"De voorbereiding zit erop, tijd voor het echte werk. Felice Mazzu en Bryan Heynen kijken uit naar de Supercup tegen KV Mechelen.  Komen jullie onze ploeg aanmoedigen? Forza Racing! ğŸ’™ğŸ’ªğŸ‘Š #krcgenk #supercup #samengenk",2019-07-19 10:00:01,281,4,8,254,27,0,0,0,0,-277
274699336557_10157310408556558,Alle info voor het KRC Genk Fanweekend op een rijtje! Zeker even lezen! ğŸ’™ğŸ’™ğŸ’™ #krcgenk #samengenk,2019-07-19 07:00:02,50,3,0,47,3,0,0,0,0,-47
274699336557_10157310407191558,Je kan straks (en morgen) op het fanweekend je lidmaatschap vernieuwen of lid worden van De Genkies! Er staat weer een heleboel te beleven voor de jongste KRC Genk supporters dit seizoen! ğŸ”µâšªï¸ğŸ¥³ğŸ‰  #krcgenk #samengenk,2019-07-19 05:00:01,41,2,1,41,0,0,0,0,0,-39
274699336557_10157310405866558,Jij komt toch ook straks hÃ©?! Iedereen welkom vanaf 16u voor de start van het KRC Genk Fanweekend! ğŸ”µâšªï¸ğŸ¤˜ğŸ¥³ #krcgenk #samengenk,2019-07-19 03:00:02,108,5,7,100,8,0,0,0,0,-103
274699336557_10157308388586558,"We gaan op zoek naar een nieuwe Genkie Redactie! Pak die camera of smartphone vast, maak een cool filmpje en schrijf je nu in! ğŸ”µâšªï¸ğŸ‘ #krcgenk #samengenk",2019-07-18 14:00:01,51,1,0,51,0,0,0,0,0,-50
274699336557_10157308728306558,Een plan waar we heel fier op zijn! Steentje bijdragen? Morgen meelopen in de FRZA! run of bieden op een truitje van de Buffel legends game!! ğŸ˜‰ğŸ’™ğŸ’ªğŸ‘ #krcgenk #samengenk,2019-07-18 12:00:01,147,2,6,131,16,0,0,0,0,-145
274699336557_10157308460586558,Ianis Hagi windt er geen doekjes om. Hij is hier om beter te worden en te winnen. Het gaat een seizoen vol uitdagingen worden maar daar houdt hij wel van. ğŸ”µâšªï¸ğŸ‘ŠğŸ¤™#krcgenk #samengenk,2019-07-18 10:02:24,643,16,18,548,91,1,2,0,1,-627
274699336557_10157308237896558,Het nieuwe seizoen van De Genkies gaat van start! Je kan vanaf vandaag inschrijven en ook op het Fanweekend kan je lid worden! Inschrijven maar! ğŸ’™ğŸ’™ğŸ¥³ğŸ¥³ #krcgenk #samengenk,2019-07-18 08:08:36,83,19,1,76,7,0,0,0,0,-64
274699336557_10157307646166558,Veel nieuwe gezichten in de kleedkamer. Ook zo ook bij de technische staff.  Felice Mazzu stelt ze met veel plezier aan u voor. Wie is wie ? ğŸ”µâšªï¸ğŸ‘ŠğŸ˜‰#krcgenk #samengenk,2019-07-18 05:00:31,115,1,2,108,7,0,0,0,0,-114
274699336557_10157307680516558,"Er zijn 10.000 tickets verkocht, jij komt toch ook?! Haast je snel en strijd mee voor een 10e prijs in de clubgeschiedenis! ğŸ”µâšªï¸ğŸ’ª #krcgenk #samengenk",2019-07-18 03:00:00,58,3,1,54,4,0,0,0,0,-55
274699336557_10157307638051558,"Zondag, na het fanweekend, trekken we naar KVC Westerlo voor de laatste oefenwedstrijd voor de start van het seizoen, aftrap 16u. Alle info vinden jullie hier. ğŸ”µâšªï¸ğŸ‘ #krcgenk #samengenk",2019-07-18 01:45:58,139,12,5,133,6,0,0,0,0,-127
274699336557_10157302531026558,Wil je toch nog meewandelen of lopen tijdens de FRZA! Run? Dat kan...Schrijf je in op de dag zelf vanaf 17u aan de stand daginschrijvingen. Meer info op https://bit.ly/2LAPRte ğŸ”µâšªï¸ğŸ‘ŠğŸ¤™#krcgenk #samengenk,2019-07-17 10:00:01,58,1,1,58,0,0,0,0,0,-57
274699336557_10157305287966558,Proficiat Joren! ğŸ’ªğŸ’™ #krcgenk #samengenk,2019-07-17 08:30:01,236,15,10,217,19,0,0,0,0,-221
274699336557_10157305184106558,Al mÃ©Ã©r dan 1.000 lopers en wandelaars voor de FRZA! run en de ticketverkoop voor de Supercup gaat HARD! Dit feestje mag je niet missen!! ğŸ˜„ğŸ‘ğŸ™ŒğŸ’™ #krcgenk #samengenk,2019-07-17 07:02:56,70,0,0,67,2,0,1,0,0,-70
274699336557_10157302484741558,Veel nieuwe gezichten in de kleedkamer. Ook zo ook bij de technische staff.  Felice Mazzu stelt ze met veel plezier aan u voor. Wie is wie ? ğŸ”µâšªï¸ğŸ‘ŠğŸ˜‰#krcgenk #samengenk,2019-07-17 05:00:00,318,10,20,293,25,0,0,0,0,-308
274699336557_10157304964306558,Rust zacht Robert Waseige. Ex-speler en ex-coach van KFC Winterslag. ğŸ’™ğŸ˜¢ #krcgenk #samengenk,2019-07-17 04:49:31,399,64,17,166,2,21,0,209,1,-335
274699336557_10157304845631558,Steun het goede doel en koop een shirt van de Thomas Buffel Legends Game! ğŸ’™ğŸ’™ #krcgenk #samengenk,2019-07-17 03:27:56,131,6,1,114,17,0,0,0,0,-125
274699336557_10157302511506558,Jij komt toch ook naar ons FAN-tastisch weekend nu vrijdag en zaterdag? Ontdek alle info op krcgenk.be ğŸ”µâšªï¸ğŸ‘ŠğŸ¤™#krcgenk #samengenk,2019-07-16 12:00:00,109,0,7,97,12,0,0,0,0,-109
274699336557_10157302511776558,Good luck Mali! ğŸ’™ğŸ’ªğŸ‘ #krcgenk #samengenk,2019-07-16 09:43:32,974,90,17,805,66,0,2,100,1,-884
274699336557_10157301853556558,Opgelet! Deze week enkele gesloten trainingen! âšªï¸ğŸ”µ #krcgenk #samengenk,2019-07-16 05:00:01,76,2,3,75,0,1,0,0,0,-74
274699336557_10157301849276558,De verkoop voor de Supercup verloopt vlot! We openen de vakken HH tot en met MM voor de verkoop! Zorg dat je erbij bent! ğŸ”µâšªï¸ğŸ¤˜ğŸ’ª #krcgenk #samengenk,2019-07-16 03:31:35,117,42,4,107,10,0,0,0,0,-75
274699336557_10157299822326558,We starten het seizoen waarmee we het vorige geÃ«indigd zijn --> EÃ©n groot feest! Kom jij vrijdag en zaterdag naar ons Fanweekend? Geniet nog even mee van Double-D! FEESTJEEE! https://bit.ly/30CHvFp ğŸ’™â˜€ï¸ğŸ‰ğŸ“¢ #krcgenk #samengenk,2019-07-15 10:02:50,314,18,40,266,48,0,0,0,0,-296
274699336557_10157299508336558,"De allerlaatste dag om je online in te schrijven voor onze FRZA! Run! De zon zal schijnen, niets dat je nog kan tegenhouden dus! ğŸ”µâšªï¸ğŸ’ª #krcgenk #samengenk",2019-07-15 07:15:47,39,6,1,39,0,0,0,0,0,-33
274699336557_10157299249211558,De voorbereiding op het nieuwe seizoen kan alvast geslaagd genoemd worden. Benjamin Nygren en Benson Manuel blikken terug op de zomerstage en de wedstrijd tegen Lokomotiva Zagreb. ğŸ”µâšªï¸ğŸ’ª#krcgenk #samengenk,2019-07-15 05:00:00,217,8,11,198,17,1,1,0,0,-209
274699336557_10157299121856558,We zijn al met 700 lopers/wandelaars! Vandaag is je laatste kans om online in te schrijven! Zeker doen op krcgenk.be ! ğŸ”µâšªï¸ğŸ‘ğŸ’ª  #krcgenk #samengenk,2019-07-15 03:00:00,58,5,2,55,3,0,0,0,0,-53
274699336557_10157297356761558,Einde wedstrijd : we winnen met 3 - 0 tegen NK Lokomotiva Zagreb. Doelpunten van Ito in de eerste en Benson (2) in de tweede helft. #krcgenk #samengenk,2019-07-14 10:54:15,759,31,12,669,87,2,0,1,0,-728
274699336557_10157297267856558,Aan de rust is enkel Danny Vukovic vervangen door GaÃ«tan Coucke. #krcgenk #samengenk,2019-07-14 10:10:08,128,4,1,124,3,0,0,1,0,-124
274699336557_10157297225591558,Rusten geblazen in Nederland. Het staat 1 - 0 voor onze jongens na een mooi doelpunt van Ito. #krcgenk #samengenk.,2019-07-14 09:51:02,328,9,4,304,24,0,0,0,0,-319
274699336557_10157297069971558,"Zo meteen om 16u00 spelen we onze oefenmatch tegen NK Lokomotiva Zagreb. Deze elf beginnen aan de wedstrijd : Vukovic, De Norre, Dewaest, Ito, Heynen, Odey, Piotrowski, Uronen, Berge, Bongonda en Cuesta. #krcgenk #samengenk",2019-07-14 08:34:32,439,33,5,417,22,0,0,0,0,-406
274699336557_10157291430771558,"Nog niet ingeschreven voor de FRZA! Run, schrijf je dan snel in, de voorinschrijvingen zijn nog open tot en met morgen! ğŸ’™ğŸ’™ #krcgenk #samengenk",2019-07-14 05:00:00,34,2,4,33,1,0,0,0,0,-32
274699336557_10157291439606558,MATCHDAY!! Alle info voor supporters die graag de verplaatsing maken naar Horst voor onze laatste oefenwedstrijd van de voorbereiding! Come on Racing! ğŸ’ªğŸ¤˜ğŸ”µâšªï¸ #krcgenk #samengenk,2019-07-14 03:00:00,164,12,0,153,10,1,0,0,0,-152
274699336557_10157294997951558,"Regen, regen, regen voormiddag in Horst maar de jongens laten het niet aan hun hart komen want na de lunch waren ze vrij. #krcgenk #samengenk",2019-07-13 13:00:03,134,3,3,130,4,0,0,0,0,-131
274699336557_10157291426866558,Wil jij onze erekapitein Thomas Buffel nog eens aan het werk zien in de Luminus Arena? Kom dan zeker naar zijn Charity Legend game op 20/7 voor de Supercup! ğŸ”µâšªï¸ğŸ’ªğŸ‘ #krcgenk #samengenk,2019-07-13 09:00:00,144,3,4,136,8,0,0,0,0,-141
274699336557_10157291926361558,Ianis Hagi komt naar KRC Genk! De 20-jarige Roemeense aanvallende middenvelder tekent een contract tot 2024. Welkom Ianis! ğŸ’™ğŸ’ªâšªï¸ğŸ”µğŸ‘Š#krcgenk #samengenk,2019-07-13 07:00:38,367,12,11,306,58,3,0,0,0,-355
274699336557_10157291449486558,Wil jij een uniek shirt van de Charity Legends Game van Thomas Buffel? Bied nu op jouw favoriete shirt en steun daarmee het goede doel! ğŸ”µâšªï¸ğŸ’™ğŸ’™ #krcgenk #samengenk,2019-07-13 05:00:00,39,3,0,36,3,0,0,0,0,-36
274699336557_10157291420911558,"Zeg menne man, Hagi den abonnement al gekoch? ğŸ˜‚ğŸ¤£ğŸ˜‚ğŸ¤£ğŸ’ªğŸ¤˜ğŸ”µâšªï¸ #krcgenk #samengenk",2019-07-13 03:00:00,421,42,4,273,31,2,114,1,0,-379
274699336557_10157291374546558,Happy Birthday Jere! ğŸ‰ğŸ”µâšªï¸ğŸ¥³ #krcgenk #samengenk,2019-07-13 01:00:00,1010,57,7,941,67,1,1,0,0,-953
274699336557_10157292368661558,"Geen ontspanning zonder inspanning, zo zou je dag 5 van de zomerstage kunnen samenvatten. Een verslagje met mooie foto's van de teambuilding nu online. #krcgenk #samengenk",2019-07-12 13:03:30,192,4,3,179,13,0,0,0,0,-188
274699336557_10157291371466558,Twee wedstrijden voor de prijs van 1! Koop nu je ticket voor de Thomas Buffel Legends game EN de Supercup!! ğŸ’™ğŸ”µâšªï¸ğŸ‘ğŸ’ª #krcgenk #samengenk,2019-07-12 12:00:01,111,10,2,108,3,0,0,0,0,-101
274699336557_10157291854281558,Ianis Hagi komt naar KRC Genk! De 20-jarige Roemeense aanvallende middenvelder tekent een contract tot 2024. Welkom Ianis! ğŸ’™ğŸ’ªâšªï¸ğŸ”µğŸ‘Š#krcgenk #samengenk,2019-07-12 08:58:56,2812,250,363,2199,555,56,2,0,0,-2562
274699336557_10157291446086558,Supporters opgelet! Vanaf vandaag een gewijzigde verkeerssituatie aan het op- en afrittencomplex Torenlaan! Lees zeker even mee. ğŸ”µâšªï¸ #krcgenk #samengenk,2019-07-12 07:00:01,112,9,13,107,1,4,0,0,0,-103
274699336557_10157291464731558,SÃ©ba Dewaest en Bryan Heynen zijn tevreden over het verloop van de zomerstage en oefenwedstrijden. Er wordt hard gewerkt en we leren elkaar beter kennen deze week. ğŸ”µâšªï¸ğŸ’ªğŸ‘Š #krcgenk #samengenk,2019-07-12 05:07:48,252,4,3,226,25,0,1,0,0,-248
274699336557_10157291306451558,Er schreven al mÃ©Ã©r dan 600 lopers en wandelaars in en we krijgen nog een heleboel aanvragen! Daarom verlengen we de online voorinschrijvingen tot en met maandag 15 juli. Een ticket kopen voor de FRZA! run doe je makkelijk via deze link! ğŸ”µâšªï¸ğŸ’ªğŸ‘ #krcgenk #samengenk,2019-07-12 03:08:51,74,16,6,74,0,0,0,0,0,-58
274699336557_10157291221091558,Succes King Bobo! ğŸ’ª #krcgenk #samengenk,2019-07-12 02:02:15,557,25,13,484,23,4,2,44,0,-532
274699336557_10157289895976558,We blijven op de goede koers in onze voorbereiding. Onze jongens kloppen de IsraÃ«lische kampioen Maccabi Tel Aviv met 4 - 1. Het verslag met foto's staat online. #krcgenk #samengenk,2019-07-11 15:01:00,313,4,12,285,27,1,0,0,0,-309
274699336557_10157289622821558,"We beginnen de tweede helft met Vukovic, Nastic, Wouters, Ito, Vanzeir, Piotrowski, Fiolic, Uronen, Bongonda, Adewoye en Gano. #krcgenk #samengenk",2019-07-11 13:07:41,233,20,0,218,15,0,0,0,0,-213
274699336557_10157289435036558,"De eerste oefenwedstrijd van de zomerstage en met Maccabi Tel Aviv treffen we ook de eerste tegenstander van formaat. Dit zijn de elf voor de eerste helft : Vukovic, De Norre, Dewaest, Heynen, Paintsil, Odey, Benson, Khammas, Berge, Cuesta en Ndongala. #krcgenk #samengenk",2019-07-11 11:32:29,297,8,5,276,21,0,0,0,0,-289
274699336557_10157288807976558,Volg de oefenwedstrijd tegen Maccabi Tel Aviv straks live op krcgenk.be  ğŸ”µâšªï¸ ğŸ’ª #krcgenk #samengenk,2019-07-11 05:56:34,269,27,14,249,20,0,0,0,0,-242
274699336557_10157288589391558,"Vandaag laatste kans, moet die uithalen! Schrijf je vandaag in voor de FRZA! Run, anders da gaat niet! https://bit.ly/2LAPRte ğŸ”µâšªï¸ğŸ¤˜ğŸ‘ #krcgenk #samengenk",2019-07-11 03:00:48,69,4,4,63,4,0,2,0,0,-65
274699336557_10157287069981558,Het gaat hard in Horst. We zijn al bijna halfweg de zomerstage. Vergeet ook de oefenwedstrijd van morgen donderdag niet. #krcgenk #samengenk,2019-07-10 13:02:53,128,2,2,121,7,0,0,0,0,-126
274699336557_10157286201046558,"Coach Felice Mazzu en zijn technische staff leggen in Horst de basis voor een druk seizoen in de Jupiler Pro League, de beker en de Champions League. Binnenkort geven we wat meer uitleg over de exacte functies van de staff. âšªğŸ”µğŸ’ªğŸ‘#krcgenk #samengenk",2019-07-10 13:00:01,416,4,2,394,22,0,0,0,0,-412
274699336557_10157286645721558,Hola!!! Le-gen-da-rische line-up met dank aan Thomas Buffel. Moet je bij zijn! ğŸ™ŒğŸ™ŒğŸ™Œ #krcgenk #samengenk,2019-07-10 09:56:01,589,100,31,479,99,10,1,0,0,-489
274699336557_10157285836051558,"Waar zitten de fietsers? We hebben nog enkele plaatsen vrij in ons peloton van de 60km en 120km tijdens de FRZA! ride op zaterdag 20 juli. Niemand minder dan Wilfried Delbroek is de kopman voor de 120km! Ter plaatse koop je ons KRC Genk wielershirt voor maar 40â‚¬! Inschrijven en mÃ©Ã©r info over parcours via link hieronder. Haast je, vol is vol!! ğŸ’ªğŸ™ŒğŸ’™ #krcgenk #bioracer #cafecoureur #samengenk",2019-07-10 05:00:00,44,17,8,44,0,0,0,0,0,-27
274699336557_10157285823356558,"Loop of wandel jij mee in de FRZA! Run? Schrijf je dan nu in, want de voorinschrijvingen lopen nog tot en met morgenavond (11/7)! ğŸ”µâšªï¸ğŸ‘ğŸ’ª #krcgenk #samengenk",2019-07-10 03:00:00,73,6,2,68,5,0,0,0,0,-67
274699336557_10157284289116558,Felice Mazzu legt er duchtig de pees op in Horst. Een kort verslagje van dag 2. #krcgenk #samengenk,2019-07-09 13:06:25,137,3,3,134,3,0,0,0,0,-134
274699336557_10157283999976558,Proficiat Raf en succes! ğŸ’™ğŸ’ª#krcgenk #samengenk,2019-07-09 11:00:36,224,13,17,211,13,0,0,0,0,-211
274699336557_10157283772576558,Feestje!!! ğŸ™ŒğŸ™ŒğŸ™Œ #krcgenk #samengenk,2019-07-09 09:02:50,99,7,18,97,2,0,0,0,0,-92
274699336557_10157280536546558,Carlos Cuesta speelde een goed tornooi op het WK onder 20 als kapitein van het Colombiaanse elftal. Hij heeft enorm veel zin in zijn avontuur bij KRC Genk.ğŸ’™ğŸ’ª. #krcgenk #samengenk,2019-07-09 05:00:39,127,1,1,115,12,0,0,0,0,-126
274699336557_10157280667976558,We starten binnenkort het nieuwe seizoen als landskampioen! Jij bent er toch ook bij? Koop nu je abonnement en geniet mee van topvoetbal in de Luminus Arena! ğŸ’™ğŸ’™ #krcgenk #samengenk,2019-07-09 04:00:00,78,4,2,72,6,0,0,0,0,-74
274699336557_10157283169066558,Succes Rubin!! ğŸ’ªğŸ’ªğŸ’™ #krcgenk #samengenk,2019-07-09 02:28:44,322,12,7,311,10,0,1,0,0,-310
274699336557_10157281769206558,"Dag 1 van de zomerstage in Horst. Work,work,work ...Een fotoverslag ğŸ”µâšªï¸ğŸ‘ŠğŸ’ª #krcgenk #samengenk",2019-07-08 13:52:15,183,1,3,174,9,0,0,0,0,-182
274699336557_10157280601871558,Vanavond speelt Joseph Aidoo de achtste finale van de Afrika Cup met Ghana tegen TunesiÃ«! Good Luck Joseph! ğŸ”µâšªï¸ğŸ’ªğŸ‘ #krcgenk #samengenk,2019-07-08 12:00:01,270,5,3,263,7,0,0,0,0,-265
274699336557_10157281175671558,Patrik HroÅ¡ovskÃ½ komt over van Viktoria PlzeÅˆ en versterkt ons middenveld! Welkom en veel succes Patrik! ğŸ”µâšªï¸ğŸ’ªğŸ‘Š #krcgenk #samengenk,2019-07-08 09:02:50,871,50,34,767,98,6,0,0,0,-821
274699336557_10157280663986558,Reminder! Vul onze grote supportersenquÃªte in! Dat kan tot en met woensdag 10/7! ğŸ”µâšªï¸ğŸ’ªğŸ‘ #krcgenk #samengenk,2019-07-08 07:00:01,46,0,1,44,2,0,0,0,0,-46
274699336557_10157280804376558,Happy 18th birthday Benjamin Nygren!! ğŸ‰ğŸ‰ğŸ‰ #krcgenk #samengenk,2019-07-08 06:00:00,648,11,3,620,28,0,0,0,0,-637
274699336557_10157280535821558,Stephen Odey is een vrolijke kerel die altijd klaar is voor een grap. Eens op het veld wil hij maar 1 ding: WINNEN! We hadden een eerste babbel met onze nieuwe Nigeriaanse aanvaller. ğŸ’™ğŸ’ª#krcgenk #samengenk,2019-07-08 05:00:02,131,3,4,119,10,1,1,0,0,-128
274699336557_10157280563276558,Op zaterdag 20 juli spelen we onze eerste officiÃ«le wedstrijd in het nieuwe seizoen! Jij komt toch ook? Samen gaan we voor onze 10e prijs in de clubgeschiedenis! ğŸ”µâšªï¸ğŸ¤˜ğŸ’ª #krcgenk #samengenk,2019-07-08 03:00:00,99,18,2,93,6,0,0,0,0,-81
274699336557_10157272132106558,Een stadionrondleiding omgevormd tot een unieke belevingsloop of wandeling! Die kan je toch niet missen? Schrijf je nu in voor de FRZA! Run (ps: Je kan ook wandelen hÃ©!) ğŸ‘ğŸ’ªğŸ¤˜ğŸ”µâšªï¸ #krcgenk #samengenk,2019-07-07 09:00:01,81,5,0,79,2,0,0,0,0,-76
274699336557_10157272533981558,Carlos Cuesta speelde een goed tornooi op het WK onder 20 als kapitein van het Colombiaanse elftal. Hij heeft enorm veel zin in zijn avontuur bij KRC Genk.ğŸ’™ğŸ’ª. #krcgenk #samengenk,2019-07-07 06:00:01,343,5,4,313,30,0,0,0,0,-338
274699336557_10157277886456558,Verschrikkelijk. Veel sterkte aan de families. ğŸ’™ #krcgenk #samengenk,2019-07-07 03:54:36,340,33,25,133,5,3,0,198,1,-307
274699336557_10157272561716558,Vergeet niet onze grote supportersenquÃªte in te vullen!! ğŸ”µâšªï¸ğŸ‘ğŸ‘ #krcgenk #samengenk,2019-07-07 03:00:01,28,2,0,28,0,0,0,0,0,-26
274699336557_10157276140496558,Drie op een rij. Nice work mannen! ğŸ’ªğŸ’™ #krcgenk #samengenk,2019-07-06 13:25:39,295,17,14,267,24,2,2,0,0,-278
274699336557_10157276004751558,"Na een eerste helft van 45' + 15' is de tussenstand 0-7. Deze jongens komen het veld op voor Genk bij de start van de tweede helft: Nastic, Theate, Saibari, Vanzeir, Oyen, Benson, Khammas, Limbombe, Cuesta, Gano. Forza Racing!! ğŸ™ŒğŸ™Œ #krcgenk #samengenk",2019-07-06 12:22:09,255,10,3,234,20,1,0,0,0,-245
274699336557_10157275737066558,"Derde oefenwedstrijd, in en tegen KVK Beringen. Deze jongens starten om 18u aan de eerste helft: Vandevoordt, Dewaest, Ito, Nygren, Odey, Fiolic, Uronen, Seigers, Berge, Bongonda, Adewoye. Let's go! ğŸ™ŒğŸ’ªğŸ’™ #krcgenk #samengenk",2019-07-06 10:43:39,405,28,5,384,21,0,0,0,0,-377
274699336557_10157272134306558,"Strijd jij mee voor de 10e (!) prijs in onze clubgeschiedenis? Koop dan nu je tickets voor de Supercup op zaterdag 20/7, 20u30! ğŸ”µâšªï¸ğŸ¤˜ğŸ¤˜ #krcgenk #samengenk",2019-07-06 09:00:01,44,1,0,44,0,0,0,0,0,-43
274699336557_10157272206416558,Stephen Odey is een vrolijke kerel die altijd klaar is voor een grap. Eens op het veld wil hij maar 1 ding: WINNEN! We hadden een eerste babbel met onze nieuwe Nigeriaanse aanvaller. ğŸ’™ğŸ’ª#krcgenk #samengenk,2019-07-06 05:00:01,328,13,10,291,36,0,1,0,0,-315
274699336557_10157272355521558,"Vanavond onze derde oefenwedstrijd! We spelen tegen KVK Beringen, aftrap 18u. Kom zeker naar de juiste locatie: Motbemden, Hasseltsesteenweg 130, Beringen. Tot straks! ğŸ”µâšªï¸ğŸ‘ğŸ‘ #krcgenk #samengenk",2019-07-06 03:30:00,126,9,1,119,7,0,0,0,0,-117
274699336557_10157272169506558,Vandaag als bijlage in Het Belang van Limburg! Veel leesplezier! ğŸ”µâšªï¸ğŸ’ªğŸ¤˜ #krcgenk #samengenk,2019-07-06 02:00:00,155,0,4,146,9,0,0,0,0,-155
274699336557_10157272558041558,"KRC Genk kan beter, maar dat kan alleen als we weten wat er beter moet en daarvoor hebben we jullie hulp nodig. We organiseren voor het eerst een grote supportersenquÃªte! Invullen maar! ğŸ”µâšªï¸ğŸ¤˜ğŸ¤˜ #krcgenk #samengenk",2019-07-05 13:00:01,111,13,0,109,2,0,0,0,0,-98
274699336557_10157272126036558,"Lopen of wandelen op ons Fanweekend tijdens de FRZA! Run, dat kan nog! Schrijf je nu in op https://bit.ly/2LAPRte ğŸƒâ€â™€ï¸ğŸƒâ€â™‚ï¸ğŸš¶â€â™€ï¸ğŸš¶â€â™‚ï¸ğŸ”µâšªï¸ğŸ”µâšªï¸ #krcgenk #samengenk",2019-07-05 09:00:02,63,3,2,61,2,0,0,0,0,-60
274699336557_10157272361266558,"Morgen opnieuw onze open stadiontour! Kom zeker een kijkje nemen, we starten om 13u30 in Goalmine! ğŸ‘ğŸ‘ğŸ”µâšªï¸ #krcgenk #samengenk",2019-07-05 07:22:41,57,0,2,55,2,0,0,0,0,-57
274699336557_10157272041631558,Ons Fanweekend komt eraan! Kom jij mee genieten van 2 dagen vol KRC Genk? Laat het ons hieronder weten en tag al je vrienden! ğŸ”µâšªï¸ğŸ’ªğŸ¤˜ #krcgenk #samengenk,2019-07-05 05:00:00,39,1,5,37,2,0,0,0,0,-38
274699336557_10157271992311558,Binnen exact drie weken start de competitie met een thuiswedstrijd tegen KV Kortrijk! Heb jij nog geen abonnement? Koop het nu online of in de Ticketshop! ğŸ”µâšªï¸ğŸ’ªğŸ¤˜ #krcgenk #samengenk,2019-07-05 03:00:39,68,0,2,67,1,0,0,0,0,-68
274699336557_10157269092711558,SÃ©ba heeft een boodschap voor onze supporters. Wie doet er mee ? Meer info op: https://bit.ly/2LAPRte  ğŸ”µâšªï¸ğŸ‘ŠğŸ¤™#krcgenk #samengenk,2019-07-04 10:00:01,235,34,59,200,35,0,0,0,0,-201
274699336557_10157269552086558,"Op zaterdag 20 juli spelen we als Landskampioen de Supercup tegen Bekerwinnaar KV Mechelen, aftrap 20u30! Jij komt toch ook? Koop nu je tickets en strijd mee voor een 10e (!) prijs in onze clubgeschiedenis! ğŸ”µâšªï¸ğŸ’ªğŸ‘ #krcgenk #samengenk",2019-07-04 08:07:17,176,36,4,170,6,0,0,0,0,-140
274699336557_10157269216551558,"Oefenwedstrijd Bregel - KRC Genk

Oefenwedstrijd Bregel - KRC Genk",2019-07-04 05:14:43,205,1,0,192,13,0,0,0,0,-204
274699336557_10157268964616558,"Hier zijn ze dan, onze nieuwe uitrustingen. ğŸ”µâšªï¸ğŸ‘ŠğŸ¤™#krcgenk #samengenk",2019-07-04 03:00:01,534,40,11,486,34,1,3,8,2,-494
274699336557_10157268891336558,Gisteren wonnen we onze tweede oefenwedstrijd! Ditmaal werd het 1-10 op het veld van Bregel Sport. ğŸ”µâšªï¸ğŸ‘ğŸ‘ #krcgenk #samengenk,2019-07-04 01:49:18,149,1,3,137,11,0,1,0,0,-148
274699336557_10157267404006558,"We beginnen de tweede helft  met : Coucke, Nastic, Paintsil, Odey, Oyen, Fiolic, Leyssens, Seigers, Adewoye, Ndongala en Sierra.  #krcgenk #samengenk",2019-07-03 12:41:40,57,0,1,55,2,0,0,0,0,-57
274699336557_10157267249001558,"Ook dit keer stuurt coach Mazzu een mix van ervaring en jong geweld de wei in. Dit is de opstelling : Coucke, Theate, Dewaest, Saibari, Vanzeir, Lambrix, Benson, Khammas, Bongonda, Vandermeulen en Gano. #krcgenk #samengenk",2019-07-03 11:14:55,120,11,0,117,3,0,0,0,0,-109
274699336557_10157266836456558,RELOAD NU! Ontdek onze nieuwe uitrusting op je smartphone! Post je foto met #theoandme op instagram en maak kans op 1 van de 3 uitrustingen. Wat vinden jullie ervan?ğŸ”µâšªï¸ ğŸ‘Š #krcgenk #samengenk powered by Inspire Sports,2019-07-03 07:02:05,89,35,5,80,8,0,0,0,1,-54
274699336557_10157266699416558,Bedankt voor het vertrouwen Federale Verzekering! ğŸ™ŒğŸ’™ #krcgenk #samengenk,2019-07-03 05:40:32,122,0,4,116,2,0,0,3,1,-122
274699336557_10157266576961558,Ontdek om 14u onze nieuwe uitrustingen in Augmented Reality. Spannend!! ğŸ”µâšªï¸ğŸ¤˜ #krcgenk #samengenk,2019-07-03 03:55:33,73,12,1,72,1,0,0,0,0,-61
274699336557_10157266454506558,"De 20-jarige centrale verdediger Carlos Cuesta tekent een contract bij KRC Genk tot 2024. Carlos is snel, explosief en erg wendbaar en bovendien kapitiein van de nationale U20 van Colombia. Bienvenido Carlos Cuesta ğŸ‡¨ğŸ‡´ğŸ”µâšªï¸ğŸ‘Š#krcgenk #samengenk",2019-07-03 02:00:45,673,46,32,587,84,1,1,0,0,-627
274699336557_10157263957156558,Kom jij ook een kijkje nemen op ons FANWEEKEND? Een weekend boordevol leuke activiteiten. Alle info vind je op www.krcgenk.be  ğŸ”µâšªï¸ğŸ‘ŠğŸ¤™#krcgenk #samengenk,2019-07-02 08:00:37,85,5,22,76,9,0,0,0,0,-80
274699336557_10157264022011558,"Exact 1 jaar geleden, genieten van onze Genkies bij de Belgian Red Devils , 10 keer KIPPENVEL! ğŸ‘¹ğŸ”µâšªï¸ğŸ’ªğŸ’™ #krcgenk #samengenk",2019-07-02 06:00:01,203,3,12,166,35,0,1,1,0,-200
274699336557_10157263935546558,"RELOAD! Ontdek morgen de nieuwe uitrusting in Augmented Reality! ğŸ”µâšªï¸ğŸ‘ŠğŸ¤™#krcgenk #theoandme #samengenk 
Kreeg je gisteren de melding ""apparaat niet compatibel""? Probeer het vandaag nog eens opnieuw, we hebben een update doorgevoerd! meer info op: https://bit.ly/2J3PG7P powered by: Inspire Sports",2019-07-02 03:01:43,137,29,4,129,8,0,0,0,0,-108
274699336557_10157262332346558,Welkom Cegeka! ğŸ™ŒğŸ™ŒğŸ’™ğŸ’™ #krcgenk #samengenk,2019-07-01 12:47:39,339,34,28,317,16,3,0,2,1,-305
274699336557_10157261580056558,We openen ons seizoen op vrijdag 26/7 (20u30) tegen KV Kortrijk! Ontdek de volledige wedstrijdkalender voor het seizoen 19-20 hier! ğŸ’ªâšªï¸ğŸ”µğŸ‘ #krcgenk #samengenk,2019-07-01 07:17:51,241,28,25,228,12,0,0,1,0,-213
274699336557_10157261146196558,"PRIMEUR IN EUROPA!!
Aanstaande woensdag 3 juli om 14u00 onthult Theo Bongonda de drie nieuwe uitrustingen voor het seizoen 2019-2020 in 360Â° dankzij Augmented Reality! Met behulp van een app brengen we Theo virtueel tot bij jou in dezelfde ruimte! Een realisatie in samenwerking met Inspire Sports! https://bit.ly/2NoGP57 ğŸ”µâšªï¸ğŸ˜®ğŸ˜® #krcgenk #samengenk",2019-07-01 03:05:58,348,37,12,315,26,7,0,0,0,-311
274699336557_10157261106441558,Afgelopen zaterdag wonnen we onze eerste oefenwedstrijd op het terrein van Termien met 2-5! Een fotoalbum van deze wedstrijd onder de warme zon! ğŸ”µâšªï¸â˜€ï¸â˜€ï¸ #krcgenk #samengenk,2019-07-01 02:39:35,183,4,4,175,8,0,0,0,0,-179
274699336557_10157253609046558,"Nog niet ingeschreven voor de FRZA! Run? Zeker doen! Deze unieke belevingsloop (of wandeling) van 5km laat je hÃ©Ã©l het terrein van KRC Genk zien, inclusief kleedkamers! Niet te missen dus, schrijf nu in op www.krcgenk.be ğŸ”µâšªï¸ğŸ”µâšªï¸ #krcgenk #samengenk",2019-06-30 10:00:01,38,3,4,37,1,0,0,0,0,-35
274699336557_10157253797471558,"Onze 17-jarige aanwinst, Benjamin Nygren maakte de verhuis van IFK GÃ¶teborg naar KRC Genk. Hij trainde deze week voor het eerst mee en werd goed ontvangen door zijn ploeggenoten. ğŸ’ªğŸ‘ŠğŸ”µâšª#krcgenk #samengenk",2019-06-30 05:00:01,291,4,7,263,27,1,0,0,0,-287
274699336557_10157253584216558,Al kennis gemaakt met onze nieuwe aanwinst? Welkom Stephen Odey! ğŸ¤˜ğŸ‘ŠğŸ’ª #krcgenk #samengenk,2019-06-30 03:00:00,130,3,1,121,9,0,0,0,0,-127
274699336557_10157253607151558,"Joe Hardy, Double-D, L&M band, Gebroeders Baeten en de Crazy Disco Show! Een leuk programma voor het Fanfestival tijdens het fanweekend, jij komt toch ook? ğŸ”µâšªï¸ğŸ¤˜ #krcgenk #samengenk",2019-06-29 14:00:00,42,4,4,40,2,0,0,0,0,-38
274699336557_10157256398546558,"De kop is eraf! Goed werk jongens, thx voor de steun supporters! ğŸ™ŒğŸ’™ğŸ‘ #krcgenk #samengenk",2019-06-29 11:28:59,294,14,14,267,27,0,0,0,0,-280
274699336557_10157256249966558,"0-0 bij de rust in Termien. Met heel wat kansen voor Genk, maar ook Termien kwam er enkele keren gevaarlijk uit. Deze Genkies starten aan de tweede helft: Vandevoordt, Vandermeulen, Dewaest, Leyssens, Theate, Sierra, Dwomoh, Fiolic, Vanzeir, Bongonda, Ndongala. ğŸ™ŒğŸ™ŒğŸ™Œ #krcgenk #samengenk",2019-06-29 10:14:30,213,23,4,204,9,0,0,0,0,-190
274699336557_10157256099031558,"We trappen onze eerste oefenwedstrijd af onder een stralende zon bij Eendracht Termien! Aan de aftrap in de eerste helft: Vandevoordt, Seigers, Adewoye, Screciu, Khammas, Saibari, Lambrix, Nygren, Paintsil, Gano, Benson. Let's go! ğŸ’™ğŸ‘ğŸ’ª #krcgenk #samengenk",2019-06-29 09:06:58,351,12,1,337,14,0,0,0,0,-339
274699336557_10157253596041558,Joseph Aidoo (Ghana) neemt het vanavond op tegen Kameroen in de Africa Cup. Veel succes Joseph! ğŸ‘ŠğŸ’ªğŸ’™ #krcgenk #samengenk,2019-06-29 09:00:01,299,8,1,287,11,0,1,0,0,-291
274699336557_10157253775871558,Theo Bongonda trainde voor het eerst mee met KRC Genk. Vorig seizoen overtreffen wordt moeilijk maar de ambities liggen hoog. ğŸ”µâšªï¸ğŸ‘ŠğŸ¤™#krcgenk #samengenk,2019-06-29 05:00:01,236,8,7,222,14,0,0,0,0,-228
274699336557_10157248140961558,Opgelet! Onze Fanshop is vandaag gesloten. ğŸ”µâšªï¸ #krcgenk #samengenk,2019-06-29 02:00:01,35,0,0,35,0,0,0,0,0,-35
274699336557_10157253530526558,Proficiat Seba! ğŸ’ªğŸ’™ğŸ‘ #krcgenk #samengenk,2019-06-28 08:28:45,1830,113,65,1432,393,4,1,0,0,-1717
274699336557_10157253295586558,Welkom Stephen Odey! Onze 21-jarige Nigeriaanse spits komt over van FC ZÃ¼rich en is de derde aanwinst deze zomer! Veel succes! ğŸ”µâšªï¸ğŸ’ªğŸ‘Š #krcgenk #samengenk,2019-06-28 05:58:57,589,36,41,544,45,0,0,0,0,-553
274699336557_10157253216191558,Kom jij ook een kijkje nemen op ons FANWEEKEND? Een weekend boordevol leuke activiteiten. Alle info vind je op www.krcgenk.be  ğŸ”µâšªï¸ğŸ‘ŠğŸ¤™#krcgenk #samengenk,2019-06-28 04:59:07,136,8,77,124,12,0,0,0,0,-128
274699336557_10157253027861558,Time to RELOAD! Ontdek op woensdag 3 juli onze nieuwe uitrustingen. MORE INFO COMING SOON! Inspire Sports #krcgenk #samengenk,2019-06-28 03:00:00,414,39,19,381,31,2,0,0,0,-375
274699336557_10157248139746558,Morgen is onze Fanshop gesloten. ğŸ”µâšªï¸ #krcgenk #samengenk,2019-06-28 01:00:01,38,3,0,38,0,0,0,0,0,-35
274699336557_10157243564346558,Onze topschutter Mbwana Ally Samatta neemt het straks om 22u met Tanzania op tegen Kenia in de Africa Cup. Succes Ally! ğŸ‡¹ğŸ‡¿ ğŸ”µâšªï¸ğŸ‘ŠğŸ¤™#krcgenk #samengenk,2019-06-27 06:00:00,561,34,8,528,32,0,0,1,0,-527
274699336557_10157250641691558,Proficiat mannen en succes! ğŸ‘ğŸ’ª #krcgenk #samengenk,2019-06-27 05:15:33,275,37,10,248,24,3,0,0,0,-238
274699336557_10157250397411558,Leandro Trossard heeft nog een boodschap voor al onze supporters! Bedankt kapitein en veel succes! ğŸ’™ğŸ’™ğŸ‘ğŸ‘ #krcgenk #samengenk,2019-06-27 01:42:54,1144,123,66,876,243,1,3,21,0,-1021
274699336557_10157248137976558,Opgelet! Zaterdag 29/6 is onze Fanshop gesloten omwille van inventaris. We zijn terug open vanaf 2/7. ğŸ‘ğŸ‘ #krcgenk #samengenk,2019-06-26 13:00:01,45,2,1,43,2,0,0,0,0,-43
274699336557_10157248221511558,Veel nieuwe gezichten op de eerste training vandaag! Ondanks de hitte legde Felice Mazzu er toch de zweep op!  ğŸ”µâšªï¸ğŸ‘ŠğŸ¤™#krcgenk #samengenk,2019-06-26 09:00:01,606,12,15,560,45,0,0,0,1,-594
274699336557_10157248173156558,Veel succes in de Premier League Leandro! ğŸ’ªğŸ‘ğŸ’™ #krcgenk #samengenk,2019-06-26 07:02:00,1083,55,25,891,161,1,4,26,0,-1028
274699336557_10157248008161558,"Een unieke wandeling of loop door het stadion, langs alle heilige plekjes, met een KRC Genk goodiebag bij de start Ã©n een medaille bij de aankomst. Dat allemaal voor maar â‚¬5 die dan ook nog eens naar onze community werking gaat. Daar moet je toch gewoon bij zijn!! Koop snel je ticket voor onze FRZA! run, de plaatsen zijn beperkt. ğŸ’ªğŸ‘ğŸ’™ğŸƒâ€â™‚ï¸ğŸƒâ€â™€ï¸ #krcgenk #samengenk",2019-06-26 05:07:06,71,23,9,69,2,0,0,0,0,-48
274699336557_10157247802676558,Vandaag start de voorbereiding op het nieuwe seizoen met een eerste training onder leiding van coach Felice Mazzu. Kom jij onze club dit seizoen ook aanmoedigen in de Luminus Arena ? ğŸ”µâšªï¸ğŸ‘ŠğŸ¤™#krcgenk  #samengenk,2019-06-26 03:00:02,45,2,1,44,1,0,0,0,0,-43
274699336557_10157245746011558,"Vandaag stonden de fysieke en medische testen op het programma! Klaar voor onze eerste training morgen, 10u30! ğŸ”µâšªï¸ğŸ’ªğŸ‘Š #krcgenk #samengenk",2019-06-25 11:00:01,315,9,5,298,17,0,0,0,0,-306
274699336557_10157245758701558,"Kom jij morgen een kijkje nemen? Aftrap van onze eerste training, 10u30! ğŸ‘ğŸ’ªğŸ”µâšªï¸ #krcgenk #samengenk",2019-06-25 07:35:41,160,12,8,151,9,0,0,0,0,-148
274699336557_10157243361936558,"Speeldag 1 voor Joseph Aidoo met Ghana in de Africa Cup. The Black Stars nemen het straks op tegen Benin om 22u. Veel succes, Lion! ğŸ‡¬ğŸ‡­ ğŸ”µâšªï¸ğŸ‘ŠğŸ¤™#krcgenk #samengenk",2019-06-25 06:00:01,275,5,3,260,14,1,0,0,0,-270
274699336557_10157243344731558,Loop of wandel jij mee op 19 juli in onze FRZA!RUN ? KRC Genk organiseert een unieke belevingsloop of -wandeling van 5km in en rond het stadion met leuke animatie onderweg. Schrijf je snel in!,2019-06-25 03:00:02,28,7,1,28,0,0,0,0,0,-21
274699336557_10157243068951558,Gisteren maakte Jhon Lucumi zijn debuut voor het nationaal elftal van Colombia in de Copa America. Colombia stoot door naar de volgende ronde! Proficiat Jhon! ğŸ‡¨ğŸ‡´ğŸ”µâšªï¸ğŸ‘ŠğŸ¤™#krcgenk #samengenk,2019-06-24 04:27:19,390,7,5,349,41,0,0,0,0,-383
274699336557_10157242904531558,Kom jij ons team versterken ? ğŸ”µâšªï¸ğŸ‘ŠğŸ¤™#krcgenk#samengenk,2019-06-24 02:22:02,42,34,6,39,0,0,3,0,0,-8
274699336557_10157232032621558,Welke spelers denk jij dat Thomas Buffel zal uitnodigen voor de Thomas Buffel Legend Charity Game? ğŸ”µâšªï¸ğŸ”µâšªï¸ #krcgenk #samengenk,2019-06-23 09:00:01,68,27,6,60,8,0,0,0,0,-41
274699336557_10157240263301558,,2019-06-23 05:00:01,93,0,7,86,7,0,0,0,0,-93
274699336557_10157234671061558,Senior Army is zoveel meer dan een supportersgroep. Samen zijn en plezier beleven is dan ook het belangrijskste doel van deze senioren. Ontdek het zelf in in dit filmpje. ğŸ”µâšªï¸ğŸ‘ŠğŸ¤™#krcgenk #samengenk,2019-06-23 02:00:30,46,0,1,43,3,0,0,0,0,-46
274699336557_10157234669916558,"Benjamin Nygren versterkt onze A-kern, de 17-jarige Zweed tekende een contract tot 2024. Welkom Benjamin ğŸ’™ğŸ’ªğŸ‘Š#krcgenk #samengenk",2019-06-22 07:00:06,186,4,11,164,22,0,0,0,0,-182
274699336557_10157237678941558,KRC Genk zoekt parkingwachters! Interesse ?ğŸ”µâšªï¸ğŸ‘ŠğŸ¤™#krcgenk #samengenk,2019-06-22 05:32:48,88,111,16,86,2,0,0,0,0,23
274699336557_10157232034176558,"Volgende week start onze voorbereiding, heb jij je abonnement voor het nieuwe seizoen al gekocht? Haast je nu naar de Ticketshop, vandaag open van 10u tot 12u! ğŸ”µâšªï¸ğŸ‘ğŸ‘ #krcgenk #samengenk",2019-06-22 02:00:01,42,0,0,41,1,0,0,0,0,-42
274699336557_10157235767546558,Proficiat Pierre! ğŸ’ªğŸ‘ğŸ’™ #krcgenk #samengenk,2019-06-21 12:00:01,251,20,15,234,16,0,1,0,0,-231
274699336557_10157234668351558,"Ga jij volgend seizoen VOLLE BAK voor KRC Genk? Koop je abo nu, 20 wedstrijden vanaf â‚¬190! Forza Racing! ğŸ”µâšªï¸ğŸ¤˜ğŸ’ªğŸ¥‡ #krcgenk #samengenk",2019-06-21 10:00:27,55,1,3,50,5,0,0,0,0,-54
274699336557_10157232027301558,Heb jij het nieuws al gehoord? Geen fandag maar een fanweekend! Jij komt toch ook hÃ©? ğŸ’™ğŸ’™ğŸ¤˜ğŸ¤˜ #krcgenk #samengenk,2019-06-21 05:00:01,75,7,0,71,4,0,0,0,0,-68
274699336557_10157234632781558,"Benjamin Nygren versterkt onze A-kern, de 17-jarige Zweed tekende een contract tot 2024. Welkom Benjamin ğŸ’™ğŸ’ªğŸ‘Š#krcgenk #samengenk",2019-06-21 02:10:35,422,7,10,375,45,2,0,0,0,-415
274699336557_10157233065016558,Welcome Benjamin!! ğŸ‘ğŸ’ªğŸ’™ #krcgenk #samengenk,2019-06-20 12:00:56,1177,44,29,1019,154,3,1,0,0,-1133
274699336557_10157232029046558,Kippenvel! Roep jij met ons mee? Deel dit filmpje met maar Ã©Ã©n woord erbij: KAMPIOENEEEEEN!!! ğŸ’™ğŸ’™ğŸ’™ #krcgenk #samengenk,2019-06-20 11:00:01,51,2,6,40,11,0,0,0,0,-49
274699336557_10157232024321558,Wie komt er een kijkje nemen op Ã©Ã©n van onze oefenwedstrijden? ğŸ’™ğŸ’™ #krcgenk #samengenk,2019-06-20 05:00:01,109,11,3,107,1,0,1,0,0,-98
274699336557_10157232023206558,Je abonnement nog niet gekocht? Waar wacht je op? Haast je naar de online verkoop of de Ticketshop. ğŸ‘ğŸ‘ŠğŸ¤˜ğŸ”µâšªï¸ #krcgenk #samengenk,2019-06-20 03:00:02,45,2,2,45,0,0,0,0,0,-43
274699336557_10157229730951558,Senior Army is zoveel meer dan een supportersgroep. Samen zijn en plezier beleven is dan ook het belangrijskste doel van deze senioren. Ontdek het zelf in in dit filmpje. ğŸ”µâšªï¸ğŸ‘ŠğŸ¤™#krcgenk #samengenk,2019-06-19 09:00:00,79,0,6,68,11,0,0,0,0,-79
274699336557_10157229885916558,"Whoohoo!! Een fanweekend ipv een fandag! Ontdek hier het volledig programma met een Stadionrun, Fanfestival, OSV Tony Greco Cup, de Thomas Buffel Legend Charity Game en de Supercup tegen KV Mechelen! We maken er Ã©Ã©n groot KRC Genk feest van! ğŸ’ªğŸ‘ğŸ¤˜ğŸ”µâšªï¸ #krcgenk #samengenk",2019-06-19 06:00:05,341,81,35,288,53,0,0,0,0,-260
274699336557_10157227360546558,Beelden om nooit te vergeten! Volg jij ons ook al op instagram? https://www.instagram.com/krcgenkofficial/?hl=nl  ğŸ’™ğŸ† #krcgenk #samengenk .,2019-06-19 02:57:07,590,23,98,441,149,0,0,0,0,-567
274699336557_10157228133746558,Proficiat Adriano!! ğŸ‘ğŸ’ªğŸ’™ #krcgenk #samengenk,2019-06-18 13:14:21,423,10,16,392,28,3,0,0,0,-413
274699336557_10157227484706558,Trainersteam Mazzu compleet! ğŸ”µâšªï¸ğŸ‘ŠğŸ¤™#krcgenk #samengenk,2019-06-18 08:10:26,283,14,17,272,10,1,0,0,0,-269
274699336557_10157227063596558,Een fantastisch weekend voor KRC Genk en Senior Army! Bekijk hier het fotoalbum van de Senior Army Walking Football Cup! ğŸ‘ğŸ‘ #krcgenk #samengenk,2019-06-18 05:00:02,81,1,6,73,7,0,0,0,1,-80
274699336557_10157227067376558,Onze Genkies voetbalmiddag is VOLZET! Het is dus niet meer mogelijk om je in te schrijven. ğŸ˜®ğŸ¤ªğŸ‘Š #krcgenk #samengenk,2019-06-18 03:43:47,17,0,0,17,0,0,0,0,0,-17
274699336557_10157224495376558,Wie gaat er mee VOLLE BAK voor KRC Genk? Koop nu je abonnement voor seizoen 19-20! ğŸ‘ğŸ’ªğŸ¤˜ #krcgenk #samengenk,2019-06-17 03:00:00,61,0,0,57,4,0,0,0,0,-61
274699336557_10157216538321558,"1 maand geleden wachtten we allemaal op hÃ©t moment, het laatste fluitsignaal. De rest is geschiedenis: KAMPIOENEN! KAMPIOENEN! ğŸ’™ğŸ† #krcgenk #samengenk",2019-06-16 09:00:37,225,14,18,173,52,0,0,0,0,-211
274699336557_10157221745686558,Succes Marcus! ğŸ’™ğŸ’ª #krcgenk #samengenk,2019-06-16 05:02:00,436,97,16,350,6,5,4,55,16,-339
274699336557_10157216508436558,KRC Genk is trots op onze nieuwe aanwinst. Theo Bongonda zal volgend seizoen de ploeg versterken. Hij tekende voor 4 seizoenen. Welkom Theo! ğŸ’ªğŸ’™ğŸ†#krcgenk #samengenk,2019-06-15 09:00:17,160,3,4,149,11,0,0,0,0,-157
274699336557_10157216506866558,"ğŸ†KAMPIOEN=FEESTJE! ğŸ¾ğŸ‰ Supporters, deze hadden jullie nog tegoed: Het grote volksfeest van 17 mei op het Stadsplein en in de Limburghal. ğŸ’™#krcgenk #samengenk",2019-06-15 05:00:33,184,3,7,154,30,0,0,0,0,-181
274699336557_10157213928786558,Jij bent er toch ook bij volgend seizoen? Koop nu je abo online of in de Ticketshop! ğŸ’ªğŸ¤˜ğŸ‘Š #krcgenk #samengenk,2019-06-15 02:00:00,60,2,3,57,2,0,1,0,0,-58
274699336557_10157216395731558,Waar was jij op het moment dat we kampioen speelden? Op het stadsplein steeg de spanning en barstte een waanzinnig feest los na het laatste fluitsignaal. KAMPIOENEN! ğŸ’™ğŸ† #krcgenk #samengenk,2019-06-14 09:00:00,401,83,31,297,101,0,2,0,1,-318
274699336557_10157216336211558,Carglass verlengt haar partnership tot en met 2022! Ontdek in dit filmpje wat een verschil 45 minuten kunnen makenâ€¦ğŸ”µâšª#krcgenk #samengenk,2019-06-14 05:00:01,131,6,5,123,8,0,0,0,0,-125
274699336557_10157213929736558,Verzeker je van je vaste plaats voor seizoen 19-20 en koop nu je abonnement! ğŸ’™ğŸ’™ #krcgenk #samengenk,2019-06-14 03:00:00,42,0,0,40,2,0,0,0,0,-42
274699336557_10157213961776558,KRC Genk is trots op onze nieuwe aanwinst. Theo Bongonda zal volgend seizoen de ploeg versterken. Hij tekende voor 4 seizoenen. Welkom Theo! ğŸ’ªğŸ’™ğŸ†#krcgenk #samengenk,2019-06-13 08:46:42,1104,66,44,962,135,6,1,0,0,-1038
274699336557_10157213812341558,"De vele vieringen zitten nog steeds vers in ons geheugen, maar we kijken al volop uit naar komend seizoen. Coach Felice Mazzu legt er binnenkort stevig de pees op en verzamelt op 26/6 voor een eerste training, een overzicht van onze voorbereiding vind je hier. ğŸ¤˜ğŸ’ªğŸ‘Š #krcgenk #samengenk",2019-06-13 03:17:51,172,16,13,162,10,0,0,0,0,-156
274699336557_10157211267781558,"KAMPIOENEN! We feesten verder deze week! Dat er eens een pintje bier wordt gedronken, blijkt uit dit filmpje. TAG je vrienden die de dag erna een kater hadden en zing mee!   ğŸ†ğŸ’™ğŸº#krcgenk #samengenk",2019-06-12 09:00:00,153,33,9,129,19,0,5,0,0,-120
274699336557_10157211155881558,KRC Genk en Senior Army heten u van harte welkom op de Senior Army Walking Football Cup. Kom zeker eens een kijkje nemen! ğŸ‘ğŸ‘ #krcgenk #samengenk,2019-06-12 04:52:10,64,9,4,63,1,0,0,0,0,-55
274699336557_10157211002676558,Wie gaat er mee Volle Bak voor KRC Genk? Koop nu je abonnement! ğŸ’ªğŸ’ª #krcgenk #samengenk,2019-06-12 03:01:39,74,0,0,69,4,0,1,0,0,-74
274699336557_10157208520626558,"Supporters , WAT EEN SEIZOEN!! KAMPIOENEN! Deze week feesten we nog even verder. Was jij erbij op 16 mei? TAG je beste KRC Genk vriend(in). LALALALALALALALALAAAAAAAAAA! ğŸ†ğŸ’™ğŸ¤#krcgenk #samengenk",2019-06-11 09:00:01,338,82,25,251,83,0,3,0,1,-256
274699336557_10157198478886558,"Ga jij volgend seizoen VOLLE BAK voor KRC Genk? Koop je abo nu, 20 wedstrijden vanaf â‚¬190! Forza Racing! ğŸ”µâšªï¸ğŸ¤˜ğŸ’ªğŸ¥‡ #krcgenk #samengenk",2019-06-11 02:00:30,77,0,6,71,5,0,1,0,0,-77
274699336557_10157198474626558,"ğŸ†KAMPIOEN=FEESTJE! ğŸ¾ğŸ‰ Supporters, deze hadden jullie nog tegoed: Het grote volksfeest van 17 mei op het Stadsplein en in de Limburghal. ğŸ’™#krcgenk #samengenk",2019-06-10 09:00:00,561,25,61,460,98,3,0,0,0,-536
274699336557_10157189761566558,Wij willen voetballen!! Jullie ook? Schrijf je dan nu in voor de Genkies voetbalmiddag! ğŸ’™ğŸ’™ #krcgenk #samengenk,2019-06-10 05:00:01,32,1,2,29,2,0,1,0,0,-31
274699336557_10157189750521558,ABO ABO ABO! Zorg dat je er een hÃ©Ã©l seizoen lang bij bent en koop nu je ABO 19-20. Je hebt er al eentje vanaf â‚¬190! ğŸ˜®ğŸ’ªğŸ¤˜ğŸ’™ #krcgenk #samengenk,2019-06-09 05:00:00,51,1,2,51,0,0,0,0,0,-50
274699336557_10157189758171558,Kan jij goed voetballen? Of kom je gewoon voor de fun? Ieder Genkie lid is welkom op de Genkies voetbalmiddag! Schrijf je nu in! ğŸ¤˜ğŸ¤˜ #krcgenk #samengenk,2019-06-08 09:00:01,61,15,0,61,0,0,0,0,0,-46
274699336557_10157189742581558,Onze Ticketshop is geopend van 10u tot 15u vandaag! Allen daarheen voor je abonnement! ğŸ”µğŸ”µâšªï¸âšªï¸ #krcgenk #samengenk,2019-06-08 02:00:01,40,1,2,34,6,0,0,0,0,-39
274699336557_10157189746726558,Wist je dat abonnees voorrang kregen bij de ticketverkoop van de Champions League?! Koop dus snel je abo als je voorrang wil voor deze topwedstrijden! ğŸ‘ŠğŸ’ªğŸ¤˜ #krcgenk #samengenk,2019-06-07 05:00:00,49,3,1,48,1,0,0,0,0,-46
274699336557_10157192304626558,"Veel succes met de Rode Duivels , Capitano ! ğŸ’™ğŸ’ªğŸ‘Š #krcgenk #samengenk",2019-06-07 02:00:01,596,11,4,546,49,1,0,0,0,-585
274699336557_10157189739791558,Beleef topvoetbal in de Luminus Arena! Koop nu je ABO 19-20! ğŸ’ªğŸ‘ŠğŸ’ªğŸ‘Š #krcgenk #samengenk,2019-06-06 05:00:01,52,2,3,47,5,0,0,0,0,-50
274699336557_10157195165686558,"Een mooi feestje, een mooi project! Da's FRZA! ğŸ‘ğŸ‘ğŸ’™ğŸ’™ #krcgenk #samengenk",2019-06-06 02:59:35,97,2,7,90,7,0,0,0,0,-95
274699336557_10157192231471558,"Supporters, een eerste babbel met onze nieuwe coach: Felice Mazzu.  ğŸ”µâšªï¸ğŸ†ğŸ‘ŠğŸ¤™#krcgenk #samengenk",2019-06-05 10:00:01,232,5,5,212,18,1,1,0,0,-227
274699336557_10157189736406558,Nog geen abonnement gekocht? Waar wacht je op? Koop nu je plaats voor een hÃ©Ã©l seizoen vanaf â‚¬190! ğŸ˜®ğŸ‘ŠğŸ’ª #krcgenk #samengenk,2019-06-05 08:00:00,18,2,0,18,0,0,0,0,0,-16
274699336557_10157192641901558,Mooi nieuws!ğŸ‘ğŸ’ªğŸ’™ #krcgenk #samengenk,2019-06-05 06:20:48,72,5,0,67,0,0,0,0,5,-67
274699336557_10157189734151558,FRZA! Magazine vandaag (of morgen) bij jou in de brievenbus mÃ©t gratis uitvouwbare poster! ğŸ˜®ğŸ¤ª Veel leesplezier in deze topeditie!  ğŸ’™ğŸ’™ #krcgenk #samengenk,2019-06-05 02:00:01,352,26,6,330,21,0,1,0,0,-326
274699336557_10157190867796558,Schitterend filmpje Belgian Football. Succes Genkies! #krcgenk #samengenk #COMEONBELGIUM ğŸ‡§ğŸ‡ªğŸ‘ğŸ˜‚ğŸ’™ğŸ‘Š,2019-06-04 14:56:36,224,10,7,190,11,0,23,0,0,-214
274699336557_10157190615836558,Forza Racing! FRZA! Limburg! ğŸ˜‰ğŸ’ªğŸ‘ğŸ’™ #krcgenk #samengenk,2019-06-04 13:04:44,211,3,33,197,13,0,0,0,1,-208
274699336557_10157190234531558,"Supporters, een eerste babbel met onze nieuwe coach: Felice Mazzu.  ğŸ”µâšªï¸ğŸ†ğŸ‘ŠğŸ¤™#krcgenk #samengenk",2019-06-04 10:20:43,645,27,17,568,75,0,2,0,0,-618
274699336557_10157189465851558,"Ga jij volgend seizoen VOLLE BAK voor KRC Genk? Koop je abo nu, 20 wedstrijden vanaf â‚¬190! Forza Racing! ğŸ”µâšªï¸ğŸ¤˜ğŸ’ªğŸ¥‡ #krcgenk #samengenk",2019-06-04 05:01:06,221,23,26,194,27,0,0,0,0,-198
274699336557_10157189289706558,Ga jij mee de strijd aan? Niet twijfelen en scoor vanaf nu de beste plaats in het stadion! Een abonnement koop je makkelijk online of in onze ticketshop. Alle ABO info ontdek je hier! ğŸ”µâšªï¸ğŸ‘ŠğŸ’ª #krcgenk #samengenk,2019-06-04 03:00:04,57,6,3,54,3,0,0,0,0,-51
274699336557_10157187054261558,"Morgen vanaf 10u, eerste keus voor de beste vrije plaatsen in de Luminus Arena! Tag hieronder de vrienden die zich moeten haasten! ğŸ˜‰ğŸ’ªğŸ˜…ğŸ’™ #krcgenk #samengenk",2019-06-03 09:01:46,79,48,2,76,3,0,0,0,0,-31
274699336557_10157186591596558,Welkom bij KRC Genk Felice Mazzu! Welkom Coach! Het volledige persbericht lees je hier: https://bit.ly/2IfqsSm     ğŸ’™ğŸ†ğŸ’ªğŸ‘Š #krcgenk #samengenk,2019-06-03 04:37:58,1234,82,88,1076,138,7,6,5,2,-1152
274699336557_10157186454796558,"Morgen start de vrije verkoop, vanaf 10u kan je kiezen uit de beste plaatsen in het stadion! ğŸ”µâšªï¸ğŸ‘ŠğŸ’ª #krcgenk #samengenk",2019-06-03 03:03:36,76,18,3,73,3,0,0,0,0,-58
274699336557_10157178458441558,Het allerlaatste evenement van De Genkies in seizoen 2018-2019! Inschrijven maar! ğŸ”µâšªï¸ğŸ’ªğŸ‘Š #krcgenk #samengenk,2019-06-02 09:00:00,39,4,0,39,0,0,0,0,0,-35
274699336557_10157178461526558,Even genieten op deze zondagochtend! ğŸ’™ğŸ’™ #krcgenk #samengenk,2019-06-02 03:00:00,212,5,3,163,41,0,8,0,0,-207
274699336557_10157178455766558,Schrijf je snel in voor de Genkies voetbalmiddag! Voetbalplezier gegarandeerd! ğŸ”µâšªï¸ğŸ”µâšªï¸ #krcgenk #samengenk,2019-06-01 09:00:01,33,0,0,30,3,0,0,0,0,-33
274699336557_10157178594481558,"Wij roepen toch nog regelmatig 'KAMPIOENEN' als we over straat lopen, jullie ook?! ğŸ’™ğŸ’™ #krcgenk #samengenk",2019-06-01 03:00:00,375,30,13,292,83,0,0,0,0,-345
